-- MySQL dump 10.13  Distrib 8.0.15, for macos10.14 (x86_64)
--
-- Host: localhost    Database: jesse_callahan
-- ------------------------------------------------------
-- Server version	8.0.15

/*!40101 SET @OLD_CHARACTER_SET_CLIENT=@@CHARACTER_SET_CLIENT */;
/*!40101 SET @OLD_CHARACTER_SET_RESULTS=@@CHARACTER_SET_RESULTS */;
/*!40101 SET @OLD_COLLATION_CONNECTION=@@COLLATION_CONNECTION */;
 SET NAMES utf8 ;
/*!40103 SET @OLD_TIME_ZONE=@@TIME_ZONE */;
/*!40103 SET TIME_ZONE='+00:00' */;
/*!40014 SET @OLD_UNIQUE_CHECKS=@@UNIQUE_CHECKS, UNIQUE_CHECKS=0 */;
/*!40014 SET @OLD_FOREIGN_KEY_CHECKS=@@FOREIGN_KEY_CHECKS, FOREIGN_KEY_CHECKS=0 */;
/*!40101 SET @OLD_SQL_MODE=@@SQL_MODE, SQL_MODE='NO_AUTO_VALUE_ON_ZERO' */;
/*!40111 SET @OLD_SQL_NOTES=@@SQL_NOTES, SQL_NOTES=0 */;

--
-- Table structure for table `__EFMigrationsHistory`
--

DROP TABLE IF EXISTS `__EFMigrationsHistory`;
/*!40101 SET @saved_cs_client     = @@character_set_client */;
 SET character_set_client = utf8mb4 ;
CREATE TABLE `__EFMigrationsHistory` (
  `MigrationId` varchar(95) NOT NULL,
  `ProductVersion` varchar(32) NOT NULL,
  PRIMARY KEY (`MigrationId`)
) ENGINE=InnoDB DEFAULT CHARSET=utf8mb4 COLLATE=utf8mb4_0900_ai_ci;
/*!40101 SET character_set_client = @saved_cs_client */;

--
-- Dumping data for table `__EFMigrationsHistory`
--

LOCK TABLES `__EFMigrationsHistory` WRITE;
/*!40000 ALTER TABLE `__EFMigrationsHistory` DISABLE KEYS */;
INSERT INTO `__EFMigrationsHistory` VALUES ('20210603223827_Initial','5.0.0');
/*!40000 ALTER TABLE `__EFMigrationsHistory` ENABLE KEYS */;
UNLOCK TABLES;

--
-- Table structure for table `EngineerMachine`
--

DROP TABLE IF EXISTS `EngineerMachine`;
/*!40101 SET @saved_cs_client     = @@character_set_client */;
 SET character_set_client = utf8mb4 ;
CREATE TABLE `EngineerMachine` (
  `EngineerMachineId` int(11) NOT NULL AUTO_INCREMENT,
  `EngineerId` int(11) NOT NULL,
  `MachineId` int(11) NOT NULL,
  PRIMARY KEY (`EngineerMachineId`),
  KEY `IX_EngineerMachine_EngineerId` (`EngineerId`),
  KEY `IX_EngineerMachine_MachineId` (`MachineId`),
  CONSTRAINT `FK_EngineerMachine_Engineers_EngineerId` FOREIGN KEY (`EngineerId`) REFERENCES `engineers` (`EngineerId`) ON DELETE CASCADE,
  CONSTRAINT `FK_EngineerMachine_Machines_MachineId` FOREIGN KEY (`MachineId`) REFERENCES `machines` (`MachineId`) ON DELETE CASCADE
) ENGINE=InnoDB AUTO_INCREMENT=7 DEFAULT CHARSET=utf8mb4 COLLATE=utf8mb4_0900_ai_ci;
/*!40101 SET character_set_client = @saved_cs_client */;

--
-- Dumping data for table `EngineerMachine`
--

LOCK TABLES `EngineerMachine` WRITE;
/*!40000 ALTER TABLE `EngineerMachine` DISABLE KEYS */;
INSERT INTO `EngineerMachine` VALUES (1,1,3),(3,2,2),(4,2,3),(5,3,1),(6,2,1);
/*!40000 ALTER TABLE `EngineerMachine` ENABLE KEYS */;
UNLOCK TABLES;

--
-- Table structure for table `Engineers`
--

DROP TABLE IF EXISTS `Engineers`;
/*!40101 SET @saved_cs_client     = @@character_set_client */;
 SET character_set_client = utf8mb4 ;
CREATE TABLE `Engineers` (
  `EngineerId` int(11) NOT NULL AUTO_INCREMENT,
  `Name` longtext CHARACTER SET utf8mb4 COLLATE utf8mb4_0900_ai_ci,
  `Details` longtext CHARACTER SET utf8mb4 COLLATE utf8mb4_0900_ai_ci,
  PRIMARY KEY (`EngineerId`)
) ENGINE=InnoDB AUTO_INCREMENT=4 DEFAULT CHARSET=utf8mb4 COLLATE=utf8mb4_0900_ai_ci;
/*!40101 SET character_set_client = @saved_cs_client */;

--
-- Dumping data for table `Engineers`
--

LOCK TABLES `Engineers` WRITE;
/*!40000 ALTER TABLE `Engineers` DISABLE KEYS */;
INSERT INTO `Engineers` VALUES (1,'Jesse Callahan','Good at making silly string'),(2,'Ricky Callahan','Makes everything'),(3,'Carl Callahan','Speciality is chocolate making');
/*!40000 ALTER TABLE `Engineers` ENABLE KEYS */;
UNLOCK TABLES;

--
-- Table structure for table `Machines`
--

DROP TABLE IF EXISTS `Machines`;
/*!40101 SET @saved_cs_client     = @@character_set_client */;
 SET character_set_client = utf8mb4 ;
CREATE TABLE `Machines` (
  `MachineId` int(11) NOT NULL AUTO_INCREMENT,
  `Name` longtext CHARACTER SET utf8mb4 COLLATE utf8mb4_0900_ai_ci,
  `Details` longtext CHARACTER SET utf8mb4 COLLATE utf8mb4_0900_ai_ci,
  PRIMARY KEY (`MachineId`)
) ENGINE=InnoDB AUTO_INCREMENT=4 DEFAULT CHARSET=utf8mb4 COLLATE=utf8mb4_0900_ai_ci;
/*!40101 SET character_set_client = @saved_cs_client */;

--
-- Dumping data for table `Machines`
--

LOCK TABLES `Machines` WRITE;
/*!40000 ALTER TABLE `Machines` DISABLE KEYS */;
INSERT INTO `Machines` VALUES (1,'Chocolate Bar Maker','Makes really good chocolate bars'),(2,'Candy Cane Maker','Candy cane maker. Seasonal.'),(3,'Silly Stringer','Strings Silly string');
/*!40000 ALTER TABLE `Machines` ENABLE KEYS */;
UNLOCK TABLES;
/*!40103 SET TIME_ZONE=@OLD_TIME_ZONE */;

/*!40101 SET SQL_MODE=@OLD_SQL_MODE */;
/*!40014 SET FOREIGN_KEY_CHECKS=@OLD_FOREIGN_KEY_CHECKS */;
/*!40014 SET UNIQUE_CHECKS=@OLD_UNIQUE_CHECKS */;
/*!40101 SET CHARACTER_SET_CLIENT=@OLD_CHARACTER_SET_CLIENT */;
/*!40101 SET CHARACTER_SET_RESULTS=@OLD_CHARACTER_SET_RESULTS */;
/*!40101 SET COLLATION_CONNECTION=@OLD_COLLATION_CONNECTION */;
/*!40111 SET SQL_NOTES=@OLD_SQL_NOTES */;

-- Dump completed on 2021-06-03 17:28:46
